dataset,detector,label_fraction,heldout_typology,hard_projected_v2,random_feasible_v2,v2_amount_only,v2_no_hard,v2_no_ledger,v2_no_profile,v2_no_temporal,v2_topology_only
amlnet,lightgbm,1,,0.9773398171220821,0.9716597640426198,0.9737697375618017,0.9728223240624695,0.9796075707809679,0.9782539180566143,0.9755839978200518,0.9712686192594361
amlnet,xgboost,1,,0.9691399788129041,0.9729940671430315,0.9717365383192614,0.974019028160286,0.9763587513002641,0.9763738135549911,0.9754296281790991,0.9709420847874605
transxion,lightgbm,1,,0.26862982505450467,0.2657943750735037,0.2645489524210937,0.26133204925005865,0.262293996390024,0.24025208134731169,0.249790436830321,0.2713371537030034
transxion,xgboost,1,,0.23643010590544802,0.24274870741111035,0.24215460125423768,0.240905109544753,0.23697279875946367,0.23009858231125502,0.223536261170696,0.24780044287584702
