dataset,detector,label_fraction,adv_no_projection,none,ours,random_feasible,random_graph
transxion,lightgbm,1,0.26530904498984903,0.260568138862235,0.260713344401704,0.258049852331374,0.266491921634364
transxion,logistic,1,0.044009007917670005,0.020873114780742,0.053151228308191,0.05906455832512301,0.11264650905237901
transxion,topology_lr,1,0.044118461503415,0.05374171343496,0.033940121403956004,0.040059493603716,0.068461374298086
