dataset,detector,label_fraction,heldout_typology,amount_only,full,no_adversarial_selection,no_ledger_projection,no_profile,no_temporal,random_feasible,topology_only
amlnet,graphsage_lite,1,,0.824295305317968,0.824295305317968,0.8907240054027258,0.95721441488651,0.9429471467253018,0.824295305317968,0.8907240054027258,0.8442483745150534
amlnet,lightgbm,1,,0.9716314645936371,0.9716314645936371,0.9708012085794805,0.97257677117017,0.9728480139476202,0.9716314645936371,0.9708012085794805,0.972018846911984
transxion,graphsage_lite,1,,0.11496537146831536,0.11496537146831536,0.11377021398172234,0.11180161163928969,0.114196155201848,0.11496537146831536,0.11377021398172234,0.113344030052158
transxion,lightgbm,1,,0.25226812735430865,0.25226812735430865,0.25417317973160564,0.2576677786413377,0.25217117057931304,0.252268986940042,0.25417317973160564,0.2611995647026444
