dataset,detector,label_fraction,heldout_typology,adv_no_projection,none,ours
amlnet,graphsage_lite,1,layering,0.6269597068377434,0.8861310139808184,0.9109016112576627
amlnet,lightgbm,1,layering,0.9356471656084394,0.9303915017850827,0.9312977666097385
amlnet,topology_lr,1,layering,0.100671813931601,0.0033895817906726667,0.04527093394003167
amlnet,xgboost,1,layering,0.9357739300383351,0.9297737834397144,0.9304787186937838
